Name,Frequency,Percentage
E,784,60.03062787136294
D,522,39.96937212863706
