Name,Frequency,Percentage
L,1009,9.495576886881235
S,947,8.912102390363259
E,784,7.378129117259552
P,653,6.145303971390928
G,651,6.126482213438735
A,618,5.815923207227555
V,618,5.815923207227555
T,614,5.77827969132317
K,600,5.646527385657821
D,522,4.912478825522304
R,507,4.771315640880858
I,490,4.61133069828722
N,487,4.583098061358931
Q,475,4.470167513645775
F,406,3.820816864295125
Y,308,2.898550724637681
M,281,2.644456992283079
C,258,2.4280067758328627
H,258,2.4280067758328627
W,140,1.3175230566534915
