Name,Frequency,Percentage
S,947,30.657170605373906
T,614,19.8769828423438
N,487,15.765619941728716
Q,475,15.377144707024929
Y,308,9.970864357397216
C,258,8.352217546131433
