Name,Frequency,Percentage
K,600,43.956043956043956
R,507,37.142857142857146
H,258,18.9010989010989
