Name,Frequency,Percentage
Non-polar,4866,44.01628222523745
Polar,3089,27.94210764360018
Positively Charged,1365,12.347354138398915
Negatively Charged,1306,11.813658977838083
