Name,Frequency,Percentage
L,1009,9.127091813658977
S,947,8.56625961103573
E,784,7.091813658977839
P,653,5.9068294889190405
G,651,5.888738127544098
A,618,5.59023066485753
V,618,5.59023066485753
T,614,5.554047942107643
K,600,5.4274084124830395
D,522,4.721845318860244
R,507,4.586160108548168
I,490,4.432383536861149
N,487,4.4052464947987335
Q,475,4.296698326549072
F,406,3.672546359113523
Y,308,2.7860696517412937
M,281,2.5418362731795567
C,258,2.333785617367707
H,258,2.333785617367707
W,140,1.2663952962460425
